comm,class_txt,heavy,medium,light,sour,sweet
  CRUDE OIL,CRUDE OIL,0,0,0,0,0
"""CRUDE OIL, COLD LAKE""",CRUDE OIL,0,0,0,0,0
ALASKA NORTH SLOPE CRUDE,CRUDE OIL,0,0,0,0,0
ALASKA NORTH SLOPE CRUDE OIL,CRUDE OIL,0,0,0,0,0
ALBIAN HEAVY SYNTHETIC ,CRUDE OIL,1,0,0,0,0
ANS CRUDE OIL,CRUDE OIL,0,0,0,0,0
ANS-ALASKA NORTH SLOPE CRUDE,CRUDE OIL,0,0,0,0,0
ARABIAN MEDIUM,CRUDE OIL,0,2,0,0,0
BAKKEN CRUDE OIL,CRUDE OIL,0,0,0,0,0
BASRAH CRUDE,CRUDE OIL,0,0,0,0,0
BASS RIVER CRUDE OIL - NON-H2S,CRUDE OIL,0,0,0,0,0
COKER CRUDE,CRUDE OIL,0,0,0,0,0
COLD LAKE,CRUDE OIL,0,0,0,0,0
COLD LAKE CRUDE OIL,CRUDE OIL,0,0,0,0,0
CONDENSATE,CRUDE OIL,0,0,0,0,0
CRIDE OIL,CRUDE OIL,0,0,0,0,0
CRUDE,CRUDE OIL,0,0,0,0,0
CRUDE ,CRUDE OIL,0,0,0,0,0
CRUDE HLS,CRUDE OIL,1,0,0,0,1
CRUDE OIL,CRUDE OIL,0,0,0,0,0
CRUDE OIL ,CRUDE OIL,0,0,0,0,0
CRUDE OIL  HEAVY LOUISIANA SWEET (HLS),CRUDE OIL,1,0,0,0,1
CRUDE OIL & NAPTHA,CRUDE OIL,0,0,0,0,0
CRUDE OIL (BURNED),CRUDE OIL,0,0,0,0,0
CRUDE OIL (COLD LAKE),CRUDE OIL,0,0,0,0,0
CRUDE OIL (KISSANJE),CRUDE OIL,0,0,0,0,0
CRUDE OIL (SJV CRUDE),CRUDE OIL,0,0,0,0,0
CRUDE OIL (SJV),CRUDE OIL,0,0,0,0,0
CRUDE OIL (SMILEY COLEVILLE HEAVY),CRUDE OIL,1,0,0,0,0
CRUDE OIL (SWEET),CRUDE OIL,0,0,0,0,1
CRUDE OIL -  HLS,CRUDE OIL,1,0,0,0,1
CRUDE OIL - HEAVY LOUISIANA SWEET,CRUDE OIL,1,0,0,0,1
CRUDE OIL - HLS,CRUDE OIL,1,0,0,0,1
CRUDE OIL - SJLB,CRUDE OIL,0,0,0,0,0
CRUDE OIL CONDENSATE,CRUDE OIL,0,0,0,0,0
CRUDE OIL HLS (HEAVY LOUISIANA SWEET),CRUDE OIL,1,0,0,0,1
CRUDE OIL MIXTURE,CRUDE OIL,0,0,0,0,0
CRUDE OIL SLOP,CRUDE OIL,0,0,0,0,0
CRUDE OIL SOUR,CRUDE OIL,0,0,0,1,0
CRUDE OIL TANK BOTTOMS,CRUDE OIL,0,0,0,0,0
CRUDE OIL-BCF 17,CRUDE OIL,0,0,0,0,0
CRUDE OIL/API GRAVITY 58,CRUDE OIL,0,0,0,0,0
CRUDE OILE,CRUDE OIL,0,0,0,0,0
DISPLACEMENT OIL,CRUDE OIL,0,0,0,0,0
EUGENE ISLAND CRUDE ,CRUDE OIL,0,0,0,0,0
FOSTERTON CRUDE OIL,CRUDE OIL,0,0,0,0,0
GIBSON SOUR,CRUDE OIL,0,0,0,1,0
GRUDE OIL,CRUDE OIL,0,0,0,0,0
HEAVY CRUDE OIL,CRUDE OIL,1,0,0,0,0
HOV (HOOVER),CRUDE OIL,0,0,0,0,0
HYDRAULIC OIL,CRUDE OIL,0,0,0,0,0
HYDRO TREATED GAS OIL,CRUDE OIL,0,0,0,0,0
HYDROTEST WATER/OIL MIXTURE,CRUDE OIL,0,0,0,0,0
KANSAS SWEET,CRUDE OIL,0,0,0,0,1
LEF CRUDE,CRUDE OIL,0,0,0,0,0
LIGHT CRUDE OIL,CRUDE OIL,0,0,1,0,0
LIGHT SOUR BLEND,CRUDE OIL,0,0,5,5,0
LIGHT SWEET CRUDE OIL,CRUDE OIL,0,0,1,0,1
LLOYDMINISTER BLEND,CRUDE OIL,0,0,0,0,0
LSB,CRUDE OIL,0,0,0,0,0
LSB-941-0,CRUDE OIL,0,0,0,0,0
LUBE EXTRACTED FEED (L E F),CRUDE OIL,0,0,0,0,0
LUBE EXTRACTED FEEDSTOCK,CRUDE OIL,0,0,0,0,0
MARS,CRUDE OIL,0,0,0,0,0
MID KANSAS,CRUDE OIL,0,0,0,0,0
MID KANSAS ,CRUDE OIL,0,0,0,0,0
MID KANSAS/CRUDE OIL,CRUDE OIL,0,0,0,0,0
MID-CONTINENT SWEET CRUDE OIL,CRUDE OIL,0,0,0,0,1
MIDALE,CRUDE OIL,0,0,0,0,0
MIDALE BLEND,CRUDE OIL,0,0,0,0,0
MIXED SWEET BLEND,CRUDE OIL,0,0,0,0,1
MIXED SWEET CRUDE OIL,CRUDE OIL,0,0,0,0,1
NORTH SLOPE CRUDE,CRUDE OIL,0,0,0,0,0
PETROLEUM -CRUDE OIL,CRUDE OIL,0,0,0,0,0
PETROLEUM CRUDE OIL,CRUDE OIL,0,0,0,0,0
PLATTE SWEET,CRUDE OIL,0,0,0,0,1
RESIDUAL CRUDE OIL,CRUDE OIL,0,0,0,0,0
SAN JOAQUIN VALLEY CRUDE OIL,CRUDE OIL,0,0,0,0,0
SJVH CRUDE OIL,CRUDE OIL,0,0,0,0,0
SMILEY COLEVILLE HEAVY,CRUDE OIL,1,0,0,0,0
SOUR CRUDE OIL,CRUDE OIL,0,0,0,1,0
SOUTHWEST KANSAS,CRUDE OIL,0,0,0,0,0
SUNCOR-OSH,CRUDE OIL,0,0,0,0,0
SWEET CRUDE,CRUDE OIL,0,0,0,0,1
SWEET CRUDE (WTI),CRUDE OIL,0,0,0,0,3
SWEET CRUDE OIL,CRUDE OIL,0,0,0,0,3
SYNCRUDE BATCH 867,CRUDE OIL,0,0,0,0,0
U.S. HIGH SWEET - CLEARBROOK,CRUDE OIL,0,0,0,0,1
UNKNOWN,CRUDE OIL,0,0,0,0,0
US HIGH SWEET,CRUDE OIL,0,0,0,0,1
US HIGH SWEET - CLEARBROOK,CRUDE OIL,0,0,0,0,1
VACUUM GAS OIL,CRUDE OIL,0,0,0,0,0
VIRGIN CRUDE OIL,CRUDE OIL,0,0,0,0,0
WATER WITH OILY RESIDUE,CRUDE OIL,0,0,0,0,0
WEST TEXAS INTERMEDIATE,CRUDE OIL,0,0,0,0,0
WEST TEXAS SOUR,CRUDE OIL,0,0,0,2,0
WESTERN CANADIAN SELECT,CRUDE OIL,0,0,0,0,0
WILMINGTON CRUDE,CRUDE OIL,0,0,0,0,0
WTI DOMESTIC SWEET TYPE CRUDE OIL,CRUDE OIL,0,0,0,0,2
WX (SOUR CRUDE),CRUDE OIL,0,0,0,1,0
WX CRUDE,CRUDE OIL,0,0,0,0,0
